{
  "UnitsPerMillimeter": 1,
  "Zero": {
    "X": -319.9335124928496,
    "Y": 26.697388686931284,
    "Z": -47.17491248181145
  },
  "AxisX": {
    "X": -39.58114534734033,
    "Y": 324.5107532973535,
    "Z": -46.219342796048764
  },
  "AxisY": {
    "X": -490.5784086162008,
    "Y": 186.12082175534852,
    "Z": -45.79809742537989
  },
  "RPYParameters": {
    "Rx": -179.67065056580103,
    "Ry": -0.1545617970358245,
    "Rz": 50.28456733530355
  }
}